{
  "cloudant_apikey": "xWgf9PFFwHBvX4d_r-zqW3llYNCstZfcJPlIfU-0RyDm",
  "cloudant_host": "ee081a56-d4a0-4fb8-96e6-9c2b61d7ed22-bluemix.cloudantnosqldb.appdomain.cloud",
  "cloudant_iam_apikey_description": "Auto-generated for key 2ee520a8-7469-442c-8a9b-1c6f7180b11f",
  "cloudant_iam_apikey_name": "df5311e7-8445-4e2c-8d84-0475dfb2bca3",
  "cloudant_iam_role_crn": "crn:v1:bluemix:public:iam::::serviceRole:Writer",
  "cloudant_iam_serviceid_crn": "crn:v1:bluemix:public:iam-identity::a/8d84cd02e33045ed87fc9bf5037ea892::serviceid:ServiceId-b678801a-d611-42f8-98da-5943fa5fc379",
  "cloudant_password": "a984f260150724ea4365677012950d0908a0bc957928752d20267d45d8918440",
  "cloudant_port": 443,
  "cloudant_url": "https://ee081a56-d4a0-4fb8-96e6-9c2b61d7ed22-bluemix:a984f260150724ea4365677012950d0908a0bc957928752d20267d45d8918440@ee081a56-d4a0-4fb8-96e6-9c2b61d7ed22-bluemix.cloudantnosqldb.appdomain.cloud",
  "cloudant_username": "ee081a56-d4a0-4fb8-96e6-9c2b61d7ed22-bluemix"
}
